Accession,Release_Date,Species,Length,Geo_Location,Host,Isolation_Source,Collection_Date
NC_038294,2018-08-24T00:00:00Z,Middle East respiratory syndrome-related coronavirus,30111,United Kingdom,Homo sapiens,,2012-09-11
NC_019843,2012-12-13T00:00:00Z,Middle East respiratory syndrome-related coronavirus,30119,,Homo sapiens,,2012-06-13
MT387202,2020-05-25T00:00:00Z,Middle East respiratory syndrome-related coronavirus,30108,South Korea,Homo sapiens,,2015-05-20
MN481964,2020-05-01T00:00:00Z,Middle East respiratory syndrome-related coronavirus,29918,Saudi Arabia,Homo sapiens,,2014-04
MN481965,2020-05-01T00:00:00Z,Middle East respiratory syndrome-related coronavirus,29918,Saudi Arabia,Homo sapiens,,2014-04
MN481966,2020-05-01T00:00:00Z,Middle East respiratory syndrome-related coronavirus,29918,Saudi Arabia,Homo sapiens,,2014-04
MN481967,2020-05-01T00:00:00Z,Middle East respiratory syndrome-related coronavirus,29918,Saudi Arabia,Homo sapiens,,2014-05
MN481968,2020-05-01T00:00:00Z,Middle East respiratory syndrome-related coronavirus,29918,Saudi Arabia,Homo sapiens,,2014-05
MN481969,2020-05-01T00:00:00Z,Middle East respiratory syndrome-related coronavirus,29918,Saudi Arabia,Homo sapiens,,2014-06
MN481970,2020-05-01T00:00:00Z,Middle East respiratory syndrome-related coronavirus,29918,Saudi Arabia,Homo sapiens,,2014-04
MN481971,2020-05-01T00:00:00Z,Middle East respiratory syndrome-related coronavirus,29918,Saudi Arabia,Homo sapiens,,2014-04
MN481972,2020-05-01T00:00:00Z,Middle East respiratory syndrome-related coronavirus,29918,Saudi Arabia,Homo sapiens,,2014-04
MN481973,2020-05-01T00:00:00Z,Middle East respiratory syndrome-related coronavirus,29918,Saudi Arabia,Homo sapiens,,2014-04
MN481974,2020-05-01T00:00:00Z,Middle East respiratory syndrome-related coronavirus,29918,Saudi Arabia,Homo sapiens,,2014-04
MN481975,2020-05-01T00:00:00Z,Middle East respiratory syndrome-related coronavirus,29918,Saudi Arabia,Homo sapiens,,2014-04
MN481976,2020-05-01T00:00:00Z,Middle East respiratory syndrome-related coronavirus,29918,Saudi Arabia,Homo sapiens,,2014-04
MN481977,2020-05-01T00:00:00Z,Middle East respiratory syndrome-related coronavirus,29918,Saudi Arabia,Homo sapiens,,2014-04
MN481978,2020-05-01T00:00:00Z,Middle East respiratory syndrome-related coronavirus,29918,Saudi Arabia,Homo sapiens,,2014-04
MN481979,2020-05-01T00:00:00Z,Middle East respiratory syndrome-related coronavirus,29918,Saudi Arabia,Homo sapiens,,2015-09
MN481980,2020-05-01T00:00:00Z,Middle East respiratory syndrome-related coronavirus,29918,Saudi Arabia,Homo sapiens,,2015-09
MN481981,2020-05-01T00:00:00Z,Middle East respiratory syndrome-related coronavirus,29918,Saudi Arabia,Homo sapiens,,2015-09
MN481982,2020-05-01T00:00:00Z,Middle East respiratory syndrome-related coronavirus,29918,Saudi Arabia,Homo sapiens,,2015-11
MN481983,2020-05-01T00:00:00Z,Middle East respiratory syndrome-related coronavirus,29918,Saudi Arabia,Homo sapiens,,2015-11
MN481984,2020-05-01T00:00:00Z,Middle East respiratory syndrome-related coronavirus,29918,Saudi Arabia,Homo sapiens,,2015-11
MN481985,2020-05-01T00:00:00Z,Middle East respiratory syndrome-related coronavirus,29918,Saudi Arabia,Homo sapiens,,2015-11
MN481986,2020-05-01T00:00:00Z,Middle East respiratory syndrome-related coronavirus,29918,Saudi Arabia,Homo sapiens,,2015-11
MN723542,2019-12-18T00:00:00Z,Middle East respiratory syndrome-related coronavirus,30120,Saudi Arabia,Homo sapiens,,2017-08-01
MN723543,2019-12-18T00:00:00Z,Middle East respiratory syndrome-related coronavirus,30120,Saudi Arabia,Homo sapiens,,2017-08-17
MN723544,2019-12-18T00:00:00Z,Middle East respiratory syndrome-related coronavirus,30123,Saudi Arabia,Homo sapiens,,2018-08-30
MN365232,2019-09-04T00:00:00Z,Middle East respiratory syndrome-related coronavirus,30118,Saudi Arabia,Homo sapiens,oronasopharynx,2019-01-28
MN365233,2019-09-04T00:00:00Z,Middle East respiratory syndrome-related coronavirus,30118,Saudi Arabia,Homo sapiens,oronasopharynx,2019-02-15
MN120513,2019-07-27T00:00:00Z,Middle East respiratory syndrome-related coronavirus,30118,Saudi Arabia,Homo sapiens,,2019-03-27
MN120514,2019-07-27T00:00:00Z,Middle East respiratory syndrome-related coronavirus,30118,Saudi Arabia,Homo sapiens,,2019-03-28
MK796425,2019-05-20T00:00:00Z,Middle East respiratory syndrome-related coronavirus,30108,South Korea,Homo sapiens,,2015-05-20
MH029552,2019-03-06T00:00:00Z,Middle East respiratory syndrome-related coronavirus,30123,Saudi Arabia,Homo sapiens,oronasopharynx,2015-08-26
MK462243,2019-03-02T00:00:00Z,Middle East respiratory syndrome-related coronavirus,30115,Saudi Arabia,Homo sapiens,oronasopharynx,2017-08-01
MK462244,2019-03-02T00:00:00Z,Middle East respiratory syndrome-related coronavirus,30118,Saudi Arabia,Homo sapiens,oronasopharynx,2017-08-07
MK462245,2019-03-02T00:00:00Z,Middle East respiratory syndrome-related coronavirus,30115,Saudi Arabia,Homo sapiens,oronasopharynx,2017-08-15
MK462246,2019-03-02T00:00:00Z,Middle East respiratory syndrome-related coronavirus,30115,Saudi Arabia,Homo sapiens,oronasopharynx,2017-08-17
MK462247,2019-03-02T00:00:00Z,Middle East respiratory syndrome-related coronavirus,30118,Saudi Arabia,Homo sapiens,oronasopharynx,2018-06-08
MK462248,2019-03-02T00:00:00Z,Middle East respiratory syndrome-related coronavirus,30118,Saudi Arabia,Homo sapiens,oronasopharynx,2018-06-13
MK462249,2019-03-02T00:00:00Z,Middle East respiratory syndrome-related coronavirus,30118,Saudi Arabia,Homo sapiens,oronasopharynx,2018-07-09
MK462250,2019-03-02T00:00:00Z,Middle East respiratory syndrome-related coronavirus,30118,Saudi Arabia,Homo sapiens,oronasopharynx,2018-07-12
MK462251,2019-03-02T00:00:00Z,Middle East respiratory syndrome-related coronavirus,30118,Saudi Arabia,Homo sapiens,oronasopharynx,2018-07-18
MK462252,2019-03-02T00:00:00Z,Middle East respiratory syndrome-related coronavirus,30118,Saudi Arabia,Homo sapiens,oronasopharynx,2018-08-03
MK462253,2019-03-02T00:00:00Z,Middle East respiratory syndrome-related coronavirus,30118,Saudi Arabia,Homo sapiens,oronasopharynx,2018-08-30
MK462254,2019-03-02T00:00:00Z,Middle East respiratory syndrome-related coronavirus,30118,Saudi Arabia,Homo sapiens,oronasopharynx,2018-08-31
MK462255,2019-03-02T00:00:00Z,Middle East respiratory syndrome-related coronavirus,30052,Saudi Arabia,Homo sapiens,oronasopharynx,2018-09-15
MK462256,2019-03-02T00:00:00Z,Middle East respiratory syndrome-related coronavirus,30118,Saudi Arabia,Homo sapiens,oronasopharynx,2018-09-15
MK483839,2019-03-02T00:00:00Z,Middle East respiratory syndrome-related coronavirus,30118,Saudi Arabia,Homo sapiens,oronasopharynx,2018-08-16
MK129253,2019-02-26T00:00:00Z,Middle East respiratory syndrome-related coronavirus,30150,South Korea,Homo sapiens,oronasopharynx,2018-10-20
MG757593,2019-01-31T00:00:00Z,Middle East respiratory syndrome-related coronavirus,30096,Saudi Arabia,Homo sapiens,oronasopharynx,2015-08-22
MG757594,2019-01-31T00:00:00Z,Middle East respiratory syndrome-related coronavirus,30096,Saudi Arabia,Homo sapiens,"lung, oronasopharynx",2015-08-24
MG757595,2019-01-31T00:00:00Z,Middle East respiratory syndrome-related coronavirus,30096,Saudi Arabia,Homo sapiens,"lung, oronasopharynx",2015-08-24
MG757596,2019-01-31T00:00:00Z,Middle East respiratory syndrome-related coronavirus,30096,Saudi Arabia,Homo sapiens,"lung, oronasopharynx",2015-08-24
MG757597,2019-01-31T00:00:00Z,Middle East respiratory syndrome-related coronavirus,30096,Saudi Arabia,Homo sapiens,oronasopharynx,2015-08-24
MG757598,2019-01-31T00:00:00Z,Middle East respiratory syndrome-related coronavirus,30096,Saudi Arabia,Homo sapiens,oronasopharynx,2015-08-26
MG757599,2019-01-31T00:00:00Z,Middle East respiratory syndrome-related coronavirus,30096,Saudi Arabia,Homo sapiens,oronasopharynx,2015-08-26
MG757600,2019-01-31T00:00:00Z,Middle East respiratory syndrome-related coronavirus,30096,Saudi Arabia,Homo sapiens,"lung, oronasopharynx",2015-09-01
MG757601,2019-01-31T00:00:00Z,Middle East respiratory syndrome-related coronavirus,30096,Saudi Arabia,Homo sapiens,oronasopharynx,2015-09-01
MG757602,2019-01-31T00:00:00Z,Middle East respiratory syndrome-related coronavirus,30096,Saudi Arabia,Homo sapiens,blood,2015-09-01
MG757603,2019-01-31T00:00:00Z,Middle East respiratory syndrome-related coronavirus,30096,Saudi Arabia,Homo sapiens,oronasopharynx,2015-09-18
MG757604,2019-01-31T00:00:00Z,Middle East respiratory syndrome-related coronavirus,30096,Saudi Arabia,Homo sapiens,oronasopharynx,2016-01-31
MG757605,2019-01-31T00:00:00Z,Middle East respiratory syndrome-related coronavirus,30096,Saudi Arabia,Homo sapiens,oronasopharynx,2016-04-14
MK280984,2019-01-13T00:00:00Z,Middle East respiratory syndrome-related coronavirus,30033,Qatar,Homo sapiens,,2015-05-21
MK039552,2018-11-19T00:00:00Z,Middle East respiratory syndrome-related coronavirus,30123,Jordan,Homo sapiens,"lung, oronasopharynx",2014-04-21
MK039553,2018-11-19T00:00:00Z,Middle East respiratory syndrome-related coronavirus,30123,Jordan,Homo sapiens,"lung, oronasopharynx",2014-05-23
MK052676,2018-11-05T00:00:00Z,Middle East respiratory syndrome-related coronavirus,30123,Jordan,Homo sapiens,"lung, oronasopharynx",2014-05-23
MG520075,2018-10-22T00:00:00Z,Middle East respiratory syndrome-related coronavirus,30096,Saudi Arabia,Homo sapiens,oronasopharynx,2015-10-13
MG520076,2018-10-22T00:00:00Z,Middle East respiratory syndrome-related coronavirus,30096,Saudi Arabia,Homo sapiens,oronasopharynx,2015-10-15
MG546330,2018-10-20T00:00:00Z,Middle East respiratory syndrome-related coronavirus,30123,Saudi Arabia,Homo sapiens,oronasopharynx,2015-10-13
MG546331,2018-10-20T00:00:00Z,Middle East respiratory syndrome-related coronavirus,30123,Saudi Arabia,Homo sapiens,oronasopharynx,2015-10-15
MH822886,2018-10-19T00:00:00Z,Middle East respiratory syndrome-related coronavirus,30079,United Kingdom,Homo sapiens,"lung, oronasopharynx",2018-08-22
MF000457,2018-10-15T00:00:00Z,Middle East respiratory syndrome-related coronavirus,30001,Jordan,Homo sapiens,oronasopharynx,2015-08-25
MF000458,2018-10-15T00:00:00Z,Middle East respiratory syndrome-related coronavirus,30045,Jordan,Homo sapiens,oronasopharynx,2015-09-19
MF000459,2018-10-15T00:00:00Z,Middle East respiratory syndrome-related coronavirus,30018,Jordan,Homo sapiens,"lung, oronasopharynx",2015-09-07
MF000460,2018-10-15T00:00:00Z,Middle East respiratory syndrome-related coronavirus,30045,Jordan,Homo sapiens,oronasopharynx,2015-08-30
MG470650,2018-09-26T00:00:00Z,Middle East respiratory syndrome-related coronavirus,30116,Saudi Arabia,Homo sapiens,,2016-11-18
MF741825,2018-08-31T00:00:00Z,Middle East respiratory syndrome-related coronavirus,30048,Jordan,Homo sapiens,"lung, oronasopharynx",2015-08-25
MF741826,2018-08-31T00:00:00Z,Middle East respiratory syndrome-related coronavirus,30048,Jordan,Homo sapiens,"lung, oronasopharynx",2015-08-25
MF741827,2018-08-31T00:00:00Z,Middle East respiratory syndrome-related coronavirus,29322,Jordan,Homo sapiens,"lung, oronasopharynx",2015-08-26
MF741828,2018-08-31T00:00:00Z,Middle East respiratory syndrome-related coronavirus,30048,Jordan,Homo sapiens,"lung, oronasopharynx",2015-08-27
MF741829,2018-08-31T00:00:00Z,Middle East respiratory syndrome-related coronavirus,30048,Jordan,Homo sapiens,"lung, oronasopharynx",2015-08-30
MF741830,2018-08-31T00:00:00Z,Middle East respiratory syndrome-related coronavirus,30048,Jordan,Homo sapiens,"lung, oronasopharynx",2015-08-31
MF741831,2018-08-31T00:00:00Z,Middle East respiratory syndrome-related coronavirus,30048,Jordan,Homo sapiens,"lung, oronasopharynx",2015-09-03
MF741832,2018-08-31T00:00:00Z,Middle East respiratory syndrome-related coronavirus,29322,Jordan,Homo sapiens,"lung, oronasopharynx",2015-09-09
MF741833,2018-08-31T00:00:00Z,Middle East respiratory syndrome-related coronavirus,30039,Jordan,Homo sapiens,"lung, oronasopharynx",2015-09-17
MF741834,2018-08-31T00:00:00Z,Middle East respiratory syndrome-related coronavirus,30039,Jordan,Homo sapiens,"lung, oronasopharynx",2015-09-19
MF741835,2018-08-31T00:00:00Z,Middle East respiratory syndrome-related coronavirus,30039,Jordan,Homo sapiens,"lung, oronasopharynx",2015-09-17
MF741836,2018-08-31T00:00:00Z,Middle East respiratory syndrome-related coronavirus,30039,Jordan,Homo sapiens,"lung, oronasopharynx",2015-09-22
MF741837,2018-08-31T00:00:00Z,Middle East respiratory syndrome-related coronavirus,30039,Jordan,Homo sapiens,"lung, oronasopharynx",2015-09-07
MG912595,2018-08-31T00:00:00Z,Middle East respiratory syndrome-related coronavirus,30123,Saudi Arabia,Homo sapiens,oronasopharynx,2017-05-31
MG912596,2018-08-31T00:00:00Z,Middle East respiratory syndrome-related coronavirus,30123,Saudi Arabia,Homo sapiens,oronasopharynx,2017-06-02
MG912597,2018-08-31T00:00:00Z,Middle East respiratory syndrome-related coronavirus,30123,Saudi Arabia,Homo sapiens,oronasopharynx,2017-06-02
MG912598,2018-08-31T00:00:00Z,Middle East respiratory syndrome-related coronavirus,30123,Saudi Arabia,Homo sapiens,oronasopharynx,2017-06-03
MG912599,2018-08-31T00:00:00Z,Middle East respiratory syndrome-related coronavirus,30123,Saudi Arabia,Homo sapiens,oronasopharynx,2017-06-07
MG912600,2018-08-31T00:00:00Z,Middle East respiratory syndrome-related coronavirus,30123,Saudi Arabia,Homo sapiens,oronasopharynx,2017-06-08
MG912601,2018-08-31T00:00:00Z,Middle East respiratory syndrome-related coronavirus,30123,Saudi Arabia,Homo sapiens,oronasopharynx,2017-06-10
MG912602,2018-08-31T00:00:00Z,Middle East respiratory syndrome-related coronavirus,30123,Saudi Arabia,Homo sapiens,oronasopharynx,2017-06-12
MG912603,2018-08-31T00:00:00Z,Middle East respiratory syndrome-related coronavirus,30123,Saudi Arabia,Homo sapiens,oronasopharynx,2017-06-12
MG912604,2018-08-31T00:00:00Z,Middle East respiratory syndrome-related coronavirus,30123,Saudi Arabia,Homo sapiens,oronasopharynx,2017-06-15
MG912605,2018-08-31T00:00:00Z,Middle East respiratory syndrome-related coronavirus,30123,Saudi Arabia,Homo sapiens,oronasopharynx,2017-06-17
MG912606,2018-08-31T00:00:00Z,Middle East respiratory syndrome-related coronavirus,30123,Saudi Arabia,Homo sapiens,oronasopharynx,2017-06-14
MG912607,2018-08-31T00:00:00Z,Middle East respiratory syndrome-related coronavirus,30123,Saudi Arabia,Homo sapiens,oronasopharynx,2017-06-11
MG912608,2018-08-31T00:00:00Z,Middle East respiratory syndrome-related coronavirus,30123,Saudi Arabia,Homo sapiens,oronasopharynx,2017-06-14
MG912609,2018-08-31T00:00:00Z,Middle East respiratory syndrome-related coronavirus,30123,Saudi Arabia,Homo sapiens,oronasopharynx,2017-05-31
MH310909,2018-08-31T00:00:00Z,Middle East respiratory syndrome-related coronavirus,30065,Saudi Arabia,Homo sapiens,oronasopharynx,2017-05-05
MH310910,2018-08-31T00:00:00Z,Middle East respiratory syndrome-related coronavirus,30096,Saudi Arabia,Homo sapiens,"lung, oronasopharynx",2017-06-03
MH310911,2018-08-31T00:00:00Z,Middle East respiratory syndrome-related coronavirus,30096,Saudi Arabia,Homo sapiens,"lung, oronasopharynx",2017-06-06
MH310912,2018-08-31T00:00:00Z,Middle East respiratory syndrome-related coronavirus,30085,Saudi Arabia,Homo sapiens,oronasopharynx,2017-05-15
MG366483,2018-08-21T00:00:00Z,Middle East respiratory syndrome-related coronavirus,30096,Saudi Arabia,Homo sapiens,"lung, oronasopharynx",2017-06-02
MH395139,2018-07-31T00:00:00Z,Middle East respiratory syndrome-related coronavirus,30119,Saudi Arabia,Homo sapiens,,2016-12-04
MH432120,2018-07-31T00:00:00Z,Middle East respiratory syndrome-related coronavirus,30119,Saudi Arabia,Homo sapiens,,2017-02-28
MH454272,2018-06-19T00:00:00Z,Middle East respiratory syndrome-related coronavirus,30119,Saudi Arabia,Homo sapiens,,2016-12-06
MH306207,2018-05-30T00:00:00Z,Middle East respiratory syndrome-related coronavirus,30119,Saudi Arabia,Homo sapiens,,2016-08-01
MH013216,2018-04-10T00:00:00Z,Middle East respiratory syndrome-related coronavirus,30118,Saudi Arabia,Homo sapiens,,2015-10-15
KY673148,2017-12-31T00:00:00Z,Middle East respiratory syndrome-related coronavirus,30123,Oman,Homo sapiens,oronasopharynx,2015-01-06
KY688118,2017-12-31T00:00:00Z,Middle East respiratory syndrome-related coronavirus,30075,Saudi Arabia,Homo sapiens,"lung, oronasopharynx",2015-02-07
KY688119,2017-12-31T00:00:00Z,Middle East respiratory syndrome-related coronavirus,30061,Saudi Arabia,Homo sapiens,"lung, oronasopharynx",2015-05-01
KY688120,2017-12-31T00:00:00Z,Middle East respiratory syndrome-related coronavirus,30102,Saudi Arabia,Homo sapiens,"lung, oronasopharynx",2015-05-10
KY688121,2017-12-31T00:00:00Z,Middle East respiratory syndrome-related coronavirus,30039,Saudi Arabia,Homo sapiens,"lung, oronasopharynx",2015-05-22
KY688122,2017-12-31T00:00:00Z,Middle East respiratory syndrome-related coronavirus,30059,Saudi Arabia,Homo sapiens,"lung, oronasopharynx",2015-05-27
KY688123,2017-12-31T00:00:00Z,Middle East respiratory syndrome-related coronavirus,30102,Saudi Arabia,Homo sapiens,"lung, oronasopharynx",2015-05-13
KY688124,2017-12-31T00:00:00Z,Middle East respiratory syndrome-related coronavirus,30102,Saudi Arabia,Homo sapiens,"lung, oronasopharynx",2015-05-20
KY581684,2017-12-20T00:00:00Z,Middle East respiratory syndrome-related coronavirus,30123,United Arab Emirates,Homo sapiens,"lung, oronasopharynx",2013-07-10
KY581685,2017-12-20T00:00:00Z,Middle East respiratory syndrome-related coronavirus,30123,United Arab Emirates,Homo sapiens,"lung, oronasopharynx",2013-07-12
KY581686,2017-12-20T00:00:00Z,Middle East respiratory syndrome-related coronavirus,30123,United Arab Emirates,Homo sapiens,"lung, oronasopharynx",2014-04-10
KY581687,2017-12-20T00:00:00Z,Middle East respiratory syndrome-related coronavirus,30123,United Arab Emirates,Homo sapiens,"lung, oronasopharynx",2013-12-23
KY581688,2017-12-20T00:00:00Z,Middle East respiratory syndrome-related coronavirus,30123,United Arab Emirates,Homo sapiens,"lung, oronasopharynx",2014-04-10
KY581689,2017-12-20T00:00:00Z,Middle East respiratory syndrome-related coronavirus,30123,United Arab Emirates,Homo sapiens,"lung, oronasopharynx",2014-04-10
KY581690,2017-12-20T00:00:00Z,Middle East respiratory syndrome-related coronavirus,30123,United Arab Emirates,Homo sapiens,"lung, oronasopharynx",2014-04-12
KY581691,2017-12-20T00:00:00Z,Middle East respiratory syndrome-related coronavirus,30123,United Arab Emirates,Homo sapiens,"lung, oronasopharynx",2014-04-14
KY581692,2017-12-20T00:00:00Z,Middle East respiratory syndrome-related coronavirus,30123,United Arab Emirates,Homo sapiens,"lung, oronasopharynx",2014-04-15
KY581693,2017-12-20T00:00:00Z,Middle East respiratory syndrome-related coronavirus,30123,United Arab Emirates,Homo sapiens,"lung, oronasopharynx",2014-04-20
KY581694,2017-12-20T00:00:00Z,Middle East respiratory syndrome-related coronavirus,30123,United Arab Emirates,Homo sapiens,"lung, oronasopharynx",2014
MG366880,2017-12-06T00:00:00Z,Middle East respiratory syndrome-related coronavirus,30123,Saudi Arabia,Homo sapiens,oronasopharynx,2015-06-02
MG366881,2017-12-06T00:00:00Z,Middle East respiratory syndrome-related coronavirus,30123,Saudi Arabia,Homo sapiens,oronasopharynx,2015-06-07
MG366882,2017-12-06T00:00:00Z,Middle East respiratory syndrome-related coronavirus,30123,Saudi Arabia,Homo sapiens,oronasopharynx,2015-06-07
MG366883,2017-12-06T00:00:00Z,Middle East respiratory syndrome-related coronavirus,30123,Saudi Arabia,Homo sapiens,oronasopharynx,2015-06-15
MG011340,2017-10-03T00:00:00Z,Middle East respiratory syndrome-related coronavirus,30096,Saudi Arabia,Homo sapiens,"lung, oronasopharynx",2016-03-05
MG011341,2017-10-03T00:00:00Z,Middle East respiratory syndrome-related coronavirus,30096,Saudi Arabia,Homo sapiens,"lung, oronasopharynx",2016-03-06
MG011342,2017-10-03T00:00:00Z,Middle East respiratory syndrome-related coronavirus,30096,Saudi Arabia,Homo sapiens,"lung, oronasopharynx",2016-03-07
MG011343,2017-10-03T00:00:00Z,Middle East respiratory syndrome-related coronavirus,30096,Saudi Arabia,Homo sapiens,"lung, oronasopharynx",2016-03-12
MG011344,2017-10-03T00:00:00Z,Middle East respiratory syndrome-related coronavirus,30096,Saudi Arabia,Homo sapiens,"lung, oronasopharynx",2016-03-13
MG011345,2017-10-03T00:00:00Z,Middle East respiratory syndrome-related coronavirus,30096,Saudi Arabia,Homo sapiens,"lung, oronasopharynx",2016-03-18
MG011346,2017-10-03T00:00:00Z,Middle East respiratory syndrome-related coronavirus,30096,Saudi Arabia,Homo sapiens,"lung, oronasopharynx",2016-03-14
MG011347,2017-10-03T00:00:00Z,Middle East respiratory syndrome-related coronavirus,30096,Saudi Arabia,Homo sapiens,"lung, oronasopharynx",2016-03-13
MG011348,2017-10-03T00:00:00Z,Middle East respiratory syndrome-related coronavirus,30096,Saudi Arabia,Homo sapiens,"lung, oronasopharynx",2016-04-18
MG011349,2017-10-03T00:00:00Z,Middle East respiratory syndrome-related coronavirus,30096,Saudi Arabia,Homo sapiens,"lung, oronasopharynx",2016-04-13
MG011350,2017-10-03T00:00:00Z,Middle East respiratory syndrome-related coronavirus,30096,Saudi Arabia,Homo sapiens,"lung, oronasopharynx",2016-04-04
MG011351,2017-10-03T00:00:00Z,Middle East respiratory syndrome-related coronavirus,30096,Saudi Arabia,Homo sapiens,"lung, oronasopharynx",2016-04-10
MG011352,2017-10-03T00:00:00Z,Middle East respiratory syndrome-related coronavirus,30096,Saudi Arabia,Homo sapiens,"lung, oronasopharynx",2016-07-20
MG011353,2017-10-03T00:00:00Z,Middle East respiratory syndrome-related coronavirus,30096,Saudi Arabia,Homo sapiens,"lung, oronasopharynx",2016-06-01
MG011354,2017-10-03T00:00:00Z,Middle East respiratory syndrome-related coronavirus,30096,Saudi Arabia,Homo sapiens,"lung, oronasopharynx",2016-06-16
MG011355,2017-10-03T00:00:00Z,Middle East respiratory syndrome-related coronavirus,30096,Saudi Arabia,Homo sapiens,"lung, oronasopharynx",2016-07-01
MG011356,2017-10-03T00:00:00Z,Middle East respiratory syndrome-related coronavirus,30096,Saudi Arabia,Homo sapiens,"lung, oronasopharynx",2016-07-12
MG011357,2017-10-03T00:00:00Z,Middle East respiratory syndrome-related coronavirus,30096,Saudi Arabia,Homo sapiens,"lung, oronasopharynx",2016-09-21
MG011358,2017-10-03T00:00:00Z,Middle East respiratory syndrome-related coronavirus,30096,Saudi Arabia,Homo sapiens,"lung, oronasopharynx",2016-09-21
MG011359,2017-10-03T00:00:00Z,Middle East respiratory syndrome-related coronavirus,30096,Saudi Arabia,Homo sapiens,"lung, oronasopharynx",2016-03-29
MG011360,2017-10-03T00:00:00Z,Middle East respiratory syndrome-related coronavirus,30096,Saudi Arabia,Homo sapiens,"lung, oronasopharynx",2017-01-23
MG011361,2017-10-03T00:00:00Z,Middle East respiratory syndrome-related coronavirus,30096,Saudi Arabia,Homo sapiens,"lung, oronasopharynx",2017-01-10
MG011362,2017-10-03T00:00:00Z,Middle East respiratory syndrome-related coronavirus,30096,Saudi Arabia,Homo sapiens,"lung, oronasopharynx",2016-12-25
KT326819,2017-07-25T00:00:00Z,Middle East respiratory syndrome-related coronavirus,29995,South Korea,Homo sapiens,"lung, oronasopharynx",2015-05-22
KX154684,2017-04-30T00:00:00Z,Middle East respiratory syndrome-related coronavirus,30096,Saudi Arabia,Homo sapiens,"lung, oronasopharynx",2016-02
KX154685,2017-04-30T00:00:00Z,Middle East respiratory syndrome-related coronavirus,30096,Saudi Arabia,Homo sapiens,"lung, oronasopharynx",2016-02
KX154686,2017-04-30T00:00:00Z,Middle East respiratory syndrome-related coronavirus,30096,Saudi Arabia,Homo sapiens,"lung, oronasopharynx",2016-02
KX154687,2017-04-30T00:00:00Z,Middle East respiratory syndrome-related coronavirus,30096,Saudi Arabia,Homo sapiens,"lung, oronasopharynx",2016-02
KX154688,2017-04-30T00:00:00Z,Middle East respiratory syndrome-related coronavirus,30096,Saudi Arabia,Homo sapiens,"lung, oronasopharynx",2016-02
KX154689,2017-04-30T00:00:00Z,Middle East respiratory syndrome-related coronavirus,30096,Saudi Arabia,Homo sapiens,"lung, oronasopharynx",2016-01
KX154690,2017-04-30T00:00:00Z,Middle East respiratory syndrome-related coronavirus,30096,Saudi Arabia,Homo sapiens,"lung, oronasopharynx",2016-01
KX154691,2017-04-30T00:00:00Z,Middle East respiratory syndrome-related coronavirus,30096,Saudi Arabia,Homo sapiens,"lung, oronasopharynx",2016-02-25
KX154692,2017-04-30T00:00:00Z,Middle East respiratory syndrome-related coronavirus,30096,Saudi Arabia,Homo sapiens,"lung, oronasopharynx",2016-02-27
KX154693,2017-04-30T00:00:00Z,Middle East respiratory syndrome-related coronavirus,30096,Saudi Arabia,Homo sapiens,"lung, oronasopharynx",2016-02-29
KX154694,2017-04-30T00:00:00Z,Middle East respiratory syndrome-related coronavirus,30096,Saudi Arabia,Homo sapiens,"lung, oronasopharynx",2016-02-29
KY689142,2017-04-02T00:00:00Z,Middle East respiratory syndrome-related coronavirus,29837,Saudi Arabia,Homo sapiens,,2016-01
KT861627,2016-10-02T00:00:00Z,Middle East respiratory syndrome-related coronavirus,30089,Jordan,Homo sapiens,"lung, oronasopharynx",2014-01-22
KT861628,2016-10-02T00:00:00Z,Middle East respiratory syndrome-related coronavirus,30096,Jordan,Homo sapiens,"lung, oronasopharynx",2014-04-21
KU710264,2016-08-12T00:00:00Z,Middle East respiratory syndrome-related coronavirus,30096,Saudi Arabia,Homo sapiens,blood,2014-11-04
KU710265,2016-08-12T00:00:00Z,Middle East respiratory syndrome-related coronavirus,29566,Saudi Arabia,Homo sapiens,blood,2014-11-04
KU851859,2016-06-27T00:00:00Z,Middle East respiratory syndrome-related coronavirus,30076,Saudi Arabia,Homo sapiens,"lung, oronasopharynx",2015-07-12
KU851860,2016-06-27T00:00:00Z,Middle East respiratory syndrome-related coronavirus,30096,Saudi Arabia,Homo sapiens,"lung, oronasopharynx",2015-08-24
KU851861,2016-06-27T00:00:00Z,Middle East respiratory syndrome-related coronavirus,30096,Saudi Arabia,Homo sapiens,"lung, oronasopharynx",2015-08-24
KU851862,2016-06-27T00:00:00Z,Middle East respiratory syndrome-related coronavirus,30096,Saudi Arabia,Homo sapiens,"lung, oronasopharynx",2015-08-24
KU851863,2016-06-27T00:00:00Z,Middle East respiratory syndrome-related coronavirus,30096,Saudi Arabia,Homo sapiens,"lung, oronasopharynx",2015-08-27
KU851864,2016-06-27T00:00:00Z,Middle East respiratory syndrome-related coronavirus,30096,Saudi Arabia,Homo sapiens,"lung, oronasopharynx",2015-08-24
KX034093,2016-05-08T00:00:00Z,Middle East respiratory syndrome-related coronavirus,30118,South Korea,Homo sapiens,"lung, oronasopharynx",2015-05-30
KX034094,2016-05-08T00:00:00Z,Middle East respiratory syndrome-related coronavirus,30111,South Korea,Homo sapiens,"lung, oronasopharynx",2015-06-11
KX034095,2016-05-08T00:00:00Z,Middle East respiratory syndrome-related coronavirus,30118,South Korea,Homo sapiens,"lung, oronasopharynx",2015-06-04
KX034096,2016-05-08T00:00:00Z,Middle East respiratory syndrome-related coronavirus,30082,South Korea,Homo sapiens,lung,2015-06-17
KX034097,2016-05-08T00:00:00Z,Middle East respiratory syndrome-related coronavirus,30118,South Korea,Homo sapiens,"lung, oronasopharynx",2015-06-17
KX034098,2016-05-08T00:00:00Z,Middle East respiratory syndrome-related coronavirus,30106,South Korea,Homo sapiens,lung,2015-06-22
KX034099,2016-05-08T00:00:00Z,Middle East respiratory syndrome-related coronavirus,30110,South Korea,Homo sapiens,"lung, oronasopharynx",2015-06-26
KX034100,2016-05-08T00:00:00Z,Middle East respiratory syndrome-related coronavirus,30118,South Korea,Homo sapiens,lung,2015-07-03
KU233362,2016-04-07T00:00:00Z,Middle East respiratory syndrome-related coronavirus,30004,Jordan,Homo sapiens,,2015
KU233363,2016-04-07T00:00:00Z,Middle East respiratory syndrome-related coronavirus,30064,Jordan,Homo sapiens,,2015
KU233364,2016-04-07T00:00:00Z,Middle East respiratory syndrome-related coronavirus,30029,Jordan,Homo sapiens,,2015
KT868865,2016-03-09T00:00:00Z,Middle East respiratory syndrome-related coronavirus,30068,South Korea,Homo sapiens,"lung, oronasopharynx",2015-06-11
KT868866,2016-03-09T00:00:00Z,Middle East respiratory syndrome-related coronavirus,30068,South Korea,Homo sapiens,lung,2015-06-11
KT868867,2016-03-09T00:00:00Z,Middle East respiratory syndrome-related coronavirus,30068,South Korea,Homo sapiens,"lung, oronasopharynx",2015-06-08
KT868868,2016-03-09T00:00:00Z,Middle East respiratory syndrome-related coronavirus,30068,South Korea,Homo sapiens,"lung, oronasopharynx",2015-06-08
KT868869,2016-03-09T00:00:00Z,Middle East respiratory syndrome-related coronavirus,30068,South Korea,Homo sapiens,"lung, oronasopharynx",2015-06-11
KT868870,2016-03-09T00:00:00Z,Middle East respiratory syndrome-related coronavirus,30065,South Korea,Homo sapiens,"lung, oronasopharynx",2015-06-10
KT868871,2016-03-09T00:00:00Z,Middle East respiratory syndrome-related coronavirus,30068,South Korea,Homo sapiens,"lung, oronasopharynx",2015-06-09
KT868872,2016-03-09T00:00:00Z,Middle East respiratory syndrome-related coronavirus,30068,South Korea,Homo sapiens,"lung, oronasopharynx",2015-06-10
KT868873,2016-03-09T00:00:00Z,Middle East respiratory syndrome-related coronavirus,30068,South Korea,Homo sapiens,"lung, oronasopharynx",2015-06-10
KT868874,2016-03-09T00:00:00Z,Middle East respiratory syndrome-related coronavirus,30068,South Korea,Homo sapiens,"lung, oronasopharynx",2015-06-11
KT868875,2016-03-09T00:00:00Z,Middle East respiratory syndrome-related coronavirus,30068,South Korea,Homo sapiens,"lung, oronasopharynx",2015-06-10
KT868876,2016-03-09T00:00:00Z,Middle East respiratory syndrome-related coronavirus,30068,South Korea,Homo sapiens,"lung, oronasopharynx",2015-06-10
KT868877,2016-03-09T00:00:00Z,Middle East respiratory syndrome-related coronavirus,30068,South Korea,Homo sapiens,"lung, oronasopharynx",2015-06-22
KU308549,2016-03-01T00:00:00Z,Middle East respiratory syndrome-related coronavirus,30119,South Korea,Homo sapiens,"lung, oronasopharynx",2015-06-08
KT806044,2016-01-13T00:00:00Z,Middle East respiratory syndrome-related coronavirus,30096,Saudi Arabia,Homo sapiens,"lung, oronasopharynx",2015-02-09
KT806045,2016-01-13T00:00:00Z,Middle East respiratory syndrome-related coronavirus,30096,Saudi Arabia,Homo sapiens,"lung, oronasopharynx",2015-02-22
KT806046,2016-01-13T00:00:00Z,Middle East respiratory syndrome-related coronavirus,30096,Saudi Arabia,Homo sapiens,"lung, oronasopharynx",2015-05-10
KT806047,2016-01-13T00:00:00Z,Middle East respiratory syndrome-related coronavirus,30087,Saudi Arabia,Homo sapiens,"lung, oronasopharynx",2015-03-27
KT806048,2016-01-13T00:00:00Z,Middle East respiratory syndrome-related coronavirus,30096,Saudi Arabia,Homo sapiens,"lung, oronasopharynx",2015-02-07
KT806049,2016-01-13T00:00:00Z,Middle East respiratory syndrome-related coronavirus,30096,Saudi Arabia,Homo sapiens,"lung, oronasopharynx",2015-02-15
KT806051,2016-01-13T00:00:00Z,Middle East respiratory syndrome-related coronavirus,30096,Saudi Arabia,Homo sapiens,"lung, oronasopharynx",2015-02-05
KT806052,2016-01-13T00:00:00Z,Middle East respiratory syndrome-related coronavirus,30096,Saudi Arabia,Homo sapiens,"lung, oronasopharynx",2015-02-02
KT806053,2016-01-13T00:00:00Z,Middle East respiratory syndrome-related coronavirus,30096,Saudi Arabia,Homo sapiens,,2015-02-02
KT806054,2016-01-13T00:00:00Z,Middle East respiratory syndrome-related coronavirus,29695,Saudi Arabia,Homo sapiens,"lung, oronasopharynx",2015-02-13
KT806055,2016-01-13T00:00:00Z,Middle East respiratory syndrome-related coronavirus,30096,Saudi Arabia,Homo sapiens,"lung, oronasopharynx",2015-02-10
KT374050,2015-11-24T00:00:00Z,Middle East respiratory syndrome-related coronavirus,29831,South Korea,Homo sapiens,"lung, oronasopharynx",2015-06-29
KT374051,2015-11-24T00:00:00Z,Middle East respiratory syndrome-related coronavirus,29831,South Korea,Homo sapiens,"lung, oronasopharynx",2015-06-19
KT374052,2015-11-24T00:00:00Z,Middle East respiratory syndrome-related coronavirus,29831,South Korea,Homo sapiens,lung,2015-05-31
KT374053,2015-11-24T00:00:00Z,Middle East respiratory syndrome-related coronavirus,29831,South Korea,Homo sapiens,"lung, oronasopharynx",2015-06-13
KT374054,2015-11-24T00:00:00Z,Middle East respiratory syndrome-related coronavirus,29831,South Korea,Homo sapiens,"lung, oronasopharynx",2015-06-03
KT374055,2015-11-24T00:00:00Z,Middle East respiratory syndrome-related coronavirus,29831,South Korea,Homo sapiens,lung,2015-06-18
KT374056,2015-11-24T00:00:00Z,Middle East respiratory syndrome-related coronavirus,29831,South Korea,Homo sapiens,"lung, oronasopharynx",2015-06-21
KT374057,2015-11-24T00:00:00Z,Middle East respiratory syndrome-related coronavirus,29831,South Korea,Homo sapiens,"lung, oronasopharynx",2015-06-24
KT121572,2015-11-17T00:00:00Z,Middle East respiratory syndrome-related coronavirus,29896,Saudi Arabia,Homo sapiens,,2014-05-12
KT121573,2015-11-17T00:00:00Z,Middle East respiratory syndrome-related coronavirus,29896,Saudi Arabia,Homo sapiens,,2014-05-09
KT121574,2015-11-17T00:00:00Z,Middle East respiratory syndrome-related coronavirus,29896,Saudi Arabia,Homo sapiens,,2014-05-07
KT121575,2015-11-17T00:00:00Z,Middle East respiratory syndrome-related coronavirus,29896,Saudi Arabia,Homo sapiens,,2014-05-12
KT121576,2015-11-17T00:00:00Z,Middle East respiratory syndrome-related coronavirus,29896,Saudi Arabia,Homo sapiens,,2014-05-18
KT121577,2015-11-17T00:00:00Z,Middle East respiratory syndrome-related coronavirus,29896,Saudi Arabia,Homo sapiens,,2014-05-11
KT121578,2015-11-17T00:00:00Z,Middle East respiratory syndrome-related coronavirus,29785,Saudi Arabia,Homo sapiens,,2014-05-01
KT121579,2015-11-17T00:00:00Z,Middle East respiratory syndrome-related coronavirus,29751,Saudi Arabia,Homo sapiens,,2014-04-30
KT121580,2015-11-17T00:00:00Z,Middle East respiratory syndrome-related coronavirus,29799,Saudi Arabia,Homo sapiens,,2014-04-28
KT121581,2015-11-17T00:00:00Z,Middle East respiratory syndrome-related coronavirus,29751,Saudi Arabia,Homo sapiens,,2014-05-03
KT225476,2015-07-07T00:00:00Z,Middle East respiratory syndrome-related coronavirus,29809,Thailand,Homo sapiens,"lung, oronasopharynx",2015-06-17
KT156560,2015-06-23T00:00:00Z,Middle East respiratory syndrome-related coronavirus,30123,Oman,Homo sapiens,oronasopharynx,2013-10-28
KT156561,2015-06-23T00:00:00Z,Middle East respiratory syndrome-related coronavirus,30123,Oman,Homo sapiens,oronasopharynx,2013-12-28
KT036372,2015-06-10T00:00:00Z,Middle East respiratory syndrome-related coronavirus,29928,China,Homo sapiens,,2015-05-28
KT036373,2015-06-10T00:00:00Z,Middle East respiratory syndrome-related coronavirus,29509,China,Homo sapiens,,2015-05-28
KT036374,2015-06-10T00:00:00Z,Middle East respiratory syndrome-related coronavirus,29514,China,Homo sapiens,,2015-05-28
KT029139,2015-06-09T00:00:00Z,Middle East respiratory syndrome-related coronavirus,30108,South Korea,Homo sapiens,"lung, oronasopharynx",2015-05-20
KT026453,2015-06-08T00:00:00Z,Middle East respiratory syndrome-related coronavirus,30114,Saudi Arabia,Homo sapiens,lung,2015-02-10
KT026454,2015-06-08T00:00:00Z,Middle East respiratory syndrome-related coronavirus,30123,Saudi Arabia,Homo sapiens,oronasopharynx,2015-03-01
KT026455,2015-06-08T00:00:00Z,Middle East respiratory syndrome-related coronavirus,30114,Saudi Arabia,Homo sapiens,lung,2015-02-10
KT026456,2015-06-08T00:00:00Z,Middle East respiratory syndrome-related coronavirus,30120,Saudi Arabia,Homo sapiens,oronasopharynx,2015-03-01
KT006149,2015-06-05T00:00:00Z,Middle East respiratory syndrome-related coronavirus,30114,China,Homo sapiens,oronasopharynx,2015-05-27
KR011263,2015-05-27T00:00:00Z,Middle East respiratory syndrome-related coronavirus,30096,Saudi Arabia,Homo sapiens,"lung, oronasopharynx",2015-01-21
KR011264,2015-05-27T00:00:00Z,Middle East respiratory syndrome-related coronavirus,30096,Saudi Arabia,Homo sapiens,"lung, oronasopharynx",2015-01-21
KR011265,2015-05-27T00:00:00Z,Middle East respiratory syndrome-related coronavirus,30096,Saudi Arabia,Homo sapiens,"lung, oronasopharynx",2015-01-26
KR011266,2015-05-27T00:00:00Z,Middle East respiratory syndrome-related coronavirus,30096,Saudi Arabia,Homo sapiens,"lung, oronasopharynx",2015-01-06
KJ361499,2015-03-10T00:00:00Z,Middle East respiratory syndrome-related coronavirus,29780,France,Homo sapiens,lung,2013-04-26
KJ361500,2015-03-10T00:00:00Z,Middle East respiratory syndrome-related coronavirus,29267,France,Homo sapiens,lung,2013-04-26
KJ361501,2015-03-10T00:00:00Z,Middle East respiratory syndrome-related coronavirus,29880,France,Homo sapiens,oronasopharynx,2013-05-07
KJ361502,2015-03-10T00:00:00Z,Middle East respiratory syndrome-related coronavirus,29783,France,Homo sapiens,oronasopharynx,2013-05-07
KJ361503,2015-03-10T00:00:00Z,Middle East respiratory syndrome-related coronavirus,30040,France,Homo sapiens,,2013-05-07
KM210277,2015-01-18T00:00:00Z,Middle East respiratory syndrome-related coronavirus,30031,United Kingdom,Homo sapiens,"lung, oronasopharynx",2013-02-13
KM210278,2015-01-18T00:00:00Z,Middle East respiratory syndrome-related coronavirus,30035,United Kingdom,Homo sapiens,oronasopharynx,2013-02-10
KP223131,2014-12-14T00:00:00Z,Middle East respiratory syndrome-related coronavirus,30123,USA,Homo sapiens,"lung, oronasopharynx",2014-06
KP209306,2014-12-06T00:00:00Z,Middle East respiratory syndrome-related coronavirus,30123,United Arab Emirates,Homo sapiens,lung,2014-04-07
KP209307,2014-12-06T00:00:00Z,Middle East respiratory syndrome-related coronavirus,30123,United Arab Emirates,Homo sapiens,"lung, oronasopharynx",2014-04-10
KP209308,2014-12-06T00:00:00Z,Middle East respiratory syndrome-related coronavirus,30123,United Arab Emirates,Homo sapiens,"lung, oronasopharynx",2014-04-10
KP209309,2014-12-06T00:00:00Z,Middle East respiratory syndrome-related coronavirus,30123,United Arab Emirates,Homo sapiens,"lung, oronasopharynx",2014-04-19
KP209310,2014-12-06T00:00:00Z,Middle East respiratory syndrome-related coronavirus,30123,United Arab Emirates,Homo sapiens,"lung, oronasopharynx",2014-03-07
KP209311,2014-12-06T00:00:00Z,Middle East respiratory syndrome-related coronavirus,30123,United Arab Emirates,Homo sapiens,"lung, oronasopharynx",2014-04-17
KP209312,2014-12-06T00:00:00Z,Middle East respiratory syndrome-related coronavirus,30123,United Arab Emirates,Homo sapiens,lung,2013-11-15
KP209313,2014-12-06T00:00:00Z,Middle East respiratory syndrome-related coronavirus,30123,United Arab Emirates,Homo sapiens,"lung, oronasopharynx",2014-04-13
KM027255,2014-11-12T00:00:00Z,Middle East respiratory syndrome-related coronavirus,29919,Saudi Arabia,Homo sapiens,,2014
KM027256,2014-11-12T00:00:00Z,Middle East respiratory syndrome-related coronavirus,29918,Saudi Arabia,Homo sapiens,,2014
KM027257,2014-11-12T00:00:00Z,Middle East respiratory syndrome-related coronavirus,29774,Saudi Arabia,Homo sapiens,,2014-04-07
KM027258,2014-11-12T00:00:00Z,Middle East respiratory syndrome-related coronavirus,29809,Saudi Arabia,Homo sapiens,,2014-04-12
KM027259,2014-11-12T00:00:00Z,Middle East respiratory syndrome-related coronavirus,29918,Saudi Arabia,Homo sapiens,,2014-04-14
KM027260,2014-11-12T00:00:00Z,Middle East respiratory syndrome-related coronavirus,29874,Saudi Arabia,Homo sapiens,,2014-04-21
KM027261,2014-11-12T00:00:00Z,Middle East respiratory syndrome-related coronavirus,29809,Saudi Arabia,Homo sapiens,,2014-04-15
KM027262,2014-11-12T00:00:00Z,Middle East respiratory syndrome-related coronavirus,29896,Saudi Arabia,Homo sapiens,,2014-04-22
KM015348,2014-06-18T00:00:00Z,Middle East respiratory syndrome-related coronavirus,30042,United Kingdom,Homo sapiens,oronasopharynx,2013-02-10
KJ829365,2014-05-14T00:00:00Z,Middle East respiratory syndrome-related coronavirus,30123,USA,Homo sapiens,"lung, oronasopharynx",2014-05-10
KJ813439,2014-05-13T00:00:00Z,Middle East respiratory syndrome-related coronavirus,30123,USA,Homo sapiens,"lung, oronasopharynx",2014-04-30
KF958702,2014-05-01T00:00:00Z,Middle East respiratory syndrome-related coronavirus,29851,Saudi Arabia,Homo sapiens,,2013-11-05
KJ556336,2014-03-24T00:00:00Z,Middle East respiratory syndrome-related coronavirus,29890,Saudi Arabia,Homo sapiens,,2013-11-06
KJ156866,2014-02-06T00:00:00Z,Middle East respiratory syndrome-related coronavirus,30054,Saudi Arabia,Homo sapiens,,2013-05-02
KJ156869,2014-02-06T00:00:00Z,Middle East respiratory syndrome-related coronavirus,30055,Saudi Arabia,Homo sapiens,,2013-07-17
KJ156874,2014-02-06T00:00:00Z,Middle East respiratory syndrome-related coronavirus,30055,Saudi Arabia,Homo sapiens,,2013-08-28
KJ156881,2014-02-06T00:00:00Z,Middle East respiratory syndrome-related coronavirus,30055,Saudi Arabia,Homo sapiens,,2013-06-12
KJ156910,2014-02-06T00:00:00Z,Middle East respiratory syndrome-related coronavirus,30055,Saudi Arabia,Homo sapiens,,2013-08-05
KJ156934,2014-02-06T00:00:00Z,Middle East respiratory syndrome-related coronavirus,30055,Saudi Arabia,Homo sapiens,,2013-08-15
KJ156944,2014-02-06T00:00:00Z,Middle East respiratory syndrome-related coronavirus,30055,Saudi Arabia,Homo sapiens,,2013-07-02
KJ156949,2014-02-06T00:00:00Z,Middle East respiratory syndrome-related coronavirus,30055,Saudi Arabia,Homo sapiens,,2013-06-12
KJ156952,2014-02-06T00:00:00Z,Middle East respiratory syndrome-related coronavirus,30054,Saudi Arabia,Homo sapiens,,2013-03-01
KF961221,2013-12-23T00:00:00Z,Middle East respiratory syndrome-related coronavirus,30090,Qatar,Homo sapiens,,2013-10-13
KF961222,2013-12-23T00:00:00Z,Middle East respiratory syndrome-related coronavirus,30086,Qatar,Homo sapiens,,2013-10-17
KF745068,2013-12-07T00:00:00Z,Middle East respiratory syndrome-related coronavirus,29901,France,Homo sapiens,,2013-05-07
KF600612,2013-09-17T00:00:00Z,Middle East respiratory syndrome-related coronavirus,30063,Saudi Arabia,Homo sapiens,,2012-10-23
KF600613,2013-09-17T00:00:00Z,Middle East respiratory syndrome-related coronavirus,30064,Saudi Arabia,Homo sapiens,,2013-02-05
KF600620,2013-09-17T00:00:00Z,Middle East respiratory syndrome-related coronavirus,30056,Saudi Arabia,Homo sapiens,,2012-06-19
KF600627,2013-09-17T00:00:00Z,Middle East respiratory syndrome-related coronavirus,30076,Saudi Arabia,Homo sapiens,,2013-05-07
KF600628,2013-09-17T00:00:00Z,Middle East respiratory syndrome-related coronavirus,30104,Saudi Arabia,Homo sapiens,,2013-06-04
KF600630,2013-09-17T00:00:00Z,Middle East respiratory syndrome-related coronavirus,30081,Saudi Arabia,Homo sapiens,,2013-05-13
KF600632,2013-09-17T00:00:00Z,Middle East respiratory syndrome-related coronavirus,30108,Saudi Arabia,Homo sapiens,,2013-05-23
KF600634,2013-09-17T00:00:00Z,Middle East respiratory syndrome-related coronavirus,30063,Saudi Arabia,Homo sapiens,,2013-05-30
KF600644,2013-09-17T00:00:00Z,Middle East respiratory syndrome-related coronavirus,30078,Saudi Arabia,Homo sapiens,,2013-05-12
KF600645,2013-09-17T00:00:00Z,Middle East respiratory syndrome-related coronavirus,30071,Saudi Arabia,Homo sapiens,,2013-05-11
KF600647,2013-09-17T00:00:00Z,Middle East respiratory syndrome-related coronavirus,30115,Saudi Arabia,Homo sapiens,,2013-05-15
KF600651,2013-09-17T00:00:00Z,Middle East respiratory syndrome-related coronavirus,30105,Saudi Arabia,Homo sapiens,,2013-05-23
KF600652,2013-09-17T00:00:00Z,Middle East respiratory syndrome-related coronavirus,30082,Saudi Arabia,Homo sapiens,,2012-10-30
KF186564,2013-06-10T00:00:00Z,Middle East respiratory syndrome-related coronavirus,30081,Saudi Arabia,Homo sapiens,,2013-05-01
KF186565,2013-06-10T00:00:00Z,Middle East respiratory syndrome-related coronavirus,30069,Saudi Arabia,Homo sapiens,,2013-04-22
KF186566,2013-06-10T00:00:00Z,Middle East respiratory syndrome-related coronavirus,30113,Saudi Arabia,Homo sapiens,,2013-04-21
KF186567,2013-06-10T00:00:00Z,Middle East respiratory syndrome-related coronavirus,30117,Saudi Arabia,Homo sapiens,,2013-05-09
KF192507,2013-06-10T00:00:00Z,Middle East respiratory syndrome-related coronavirus,30123,United Arab Emirates,Homo sapiens,,2013
KC776174,2013-03-25T00:00:00Z,Middle East respiratory syndrome-related coronavirus,30030,Jordan,Homo sapiens,lung,2012-04
KC667074,2013-02-27T00:00:00Z,Middle East respiratory syndrome-related coronavirus,30112,United Kingdom: England,Homo sapiens,,2012-09-19
KC164505,2012-12-05T00:00:00Z,Middle East respiratory syndrome-related coronavirus,30111,United Kingdom,Homo sapiens,,2012-09-11
JX869059,2012-09-27T00:00:00Z,Middle East respiratory syndrome-related coronavirus,30119,,Homo sapiens,,2012-06-13
